file_hash	file_size	file_path
89ca7e6c9a22d8f9593d8f6c30c027754ce094d143422b59608c22dab3ac83f8	3723392	/Volumes/music/Donny Osmond 18 LP-CD 1970s-2000s Discography/Donny Osmond - Donny Osmond '89 (UK) - 07 - Soldier of Love.mp3
89ca7e6c9a22d8f9593d8f6c30c027754ce094d143422b59608c22dab3ac83f8	3723392	/Volumes/music/Donny Osmond 18 LP-CD 1970s-2000s Discography/Donny Osmond - Donny Osmond '89 - 01 - Soldier of Love.mp3
34724c330153b62a50c37e87fcb7a496df61fec7b4622b503346cab979d0e099	1363632	/Volumes/music/Kittyman.m4a
34724c330153b62a50c37e87fcb7a496df61fec7b4622b503346cab979d0e099	1363632	/Volumes/music/RANDOM/Kittyman.m4a
d0c6d62ac920154210fa54d0b8c3bf8ae50ad57e70d5f77297598674a139b94e	4938936	/Volumes/music/James Brown/James Brown-20 All-Time Greatest Hits!-1991/18 - Hot Pants, Pt. 1.mp3
d0c6d62ac920154210fa54d0b8c3bf8ae50ad57e70d5f77297598674a139b94e	4938936	/Volumes/music/James Brown/The Very Best of James Brown/19 Hot pants.mp3
23bb8eb75d6badd2dc3eb1c3ce20894479c3014d2ddb621b2e7157b76c5c6a5d	27687821	/Volumes/music/Miles Davis/Miles Davis   Live In Munich/Track 11.flac
23bb8eb75d6badd2dc3eb1c3ce20894479c3014d2ddb621b2e7157b76c5c6a5d	27687821	/Volumes/music/Miles Davis/Miles Davis   Munich 1988/Track 11.flac
6a8b909bddd70948dd513198b0a896ec70ab459ffbc926d1cd60926c61619f86	31404987	/Volumes/music/Miles Davis/Miles Davis   Live In Munich/Track 01.flac
6a8b909bddd70948dd513198b0a896ec70ab459ffbc926d1cd60926c61619f86	31404987	/Volumes/music/Miles Davis/Miles Davis   Munich 1988/Track 01.flac
82261b03f626b31bdf50b3bb6b50f6506c7a9f1bc9c6e74f55ab0b8d2295c822	8478554	/Volumes/music/James Brown/James Brown-Make It Funky-The Big Payback-1971-1975-Cd 1/07 - There It Is.mp3
82261b03f626b31bdf50b3bb6b50f6506c7a9f1bc9c6e74f55ab0b8d2295c822	8478554	/Volumes/music/James Brown/Make It Funky - The Big Payback/08 There It Is.mp3
51f90820df4f08cdad22b66717d49fdf14c5be871c3a7923b49127da65fe5bce	45583242	/Volumes/music/Miles Davis/Miles Davis   Live In Munich/Track 14.flac
51f90820df4f08cdad22b66717d49fdf14c5be871c3a7923b49127da65fe5bce	45583242	/Volumes/music/Miles Davis/Miles Davis   Munich 1988/Track 14.flac
8eeffa87fcaa88263a597a4d755a696306e4c935823cffb9a3acdac017c0878e	7258632	/Volumes/music/James Brown/James Brown-Messing with the blues-Cd 2/07-Further On Up The Road.mp3
8eeffa87fcaa88263a597a4d755a696306e4c935823cffb9a3acdac017c0878e	7258632	/Volumes/music/James Brown/Messing With The Blues (disc 2)/07 Further On Up The Road.mp3
026ef30300c571d3a3f22743ed93fe555c3cc6025b3e49922b55081c8da458ec	1743138	/Volumes/music/Kittyman.mp3
026ef30300c571d3a3f22743ed93fe555c3cc6025b3e49922b55081c8da458ec	1743138	/Volumes/music/RANDOM/Kittyman.mp3
0ffcb8025b7e2f3f079fbb4561b0b6840d973f73ed7a3ce654a38ac5b42f81bf	2784665	/Volumes/music/James Brown/James Brown-Messing with the blues-Cd 1/10 - For You, My Love .mp3
0ffcb8025b7e2f3f079fbb4561b0b6840d973f73ed7a3ce654a38ac5b42f81bf	2784665	/Volumes/music/James Brown/Messing With The Blues/10 For You My Love [#].mp3
6ea4d7736bc46a4bce86f5289fe194868da9b28855ba6c49b57833ad8e7f3985	5083264	/Volumes/music/James Brown/James Brown-20 All-Time Greatest Hits!-1991/08 - Think.mp3
6ea4d7736bc46a4bce86f5289fe194868da9b28855ba6c49b57833ad8e7f3985	5083264	/Volumes/music/James Brown/The Very Best of James Brown/02 Think.mp3
f78e58d1ad4d69e0b04ed5db1c34146a9c9784759f78bf1547c5317bd0ede930	5412595	/Volumes/music/James Brown/James Brown-Messing with the blues-Cd 1/12 - Everyday I Have The Blues .mp3
f78e58d1ad4d69e0b04ed5db1c34146a9c9784759f78bf1547c5317bd0ede930	5412595	/Volumes/music/James Brown/Messing With The Blues/12 Every Day I Have The Blues.mp3
67bea993440855df859892eda3c95f9cd7b48d927f7e55b8a30dfc7524f1d594	3359361	/Volumes/music/James Brown/James Brown-Messing with the blues-Cd 1/07 - I Love You, Yes I Do .mp3
67bea993440855df859892eda3c95f9cd7b48d927f7e55b8a30dfc7524f1d594	3359361	/Volumes/music/James Brown/Messing With The Blues/07 I Love You, Yes I Do.mp3
d2e6c48f8beb187bc7ecbfd9bfeb6d681a5866e2387e4981c4f021b0785a6df9	5965887	/Volumes/music/James Brown/James Brown-Messing with the blues-Cd 1/01 - Like It Is, It Was ( The Blues ) .mp3
d2e6c48f8beb187bc7ecbfd9bfeb6d681a5866e2387e4981c4f021b0785a6df9	5965887	/Volumes/music/James Brown/Messing With The Blues/01 Like It Is, Like It Was (The Blues) [#].mp3
b7635ca1716d433a247c888c192c359ddadb068a6191488ae2d806cb63e7c270	35465928	/Volumes/music/Miles Davis/Miles Davis   Live In Munich/Track 02.flac
b7635ca1716d433a247c888c192c359ddadb068a6191488ae2d806cb63e7c270	35465928	/Volumes/music/Miles Davis/Miles Davis   Munich 1988/Track 02.flac
ee35c993289facaef98c64cc65a0d54d687c5dd584a9c24f48fa0a5a9b3d69ce	31570356	/Volumes/music/Queen/40th Anniversary (Deluxe.Edition) 2011/Compilation/2011 - Deep Cuts, Volume 3 (1984â€“1995)/15 - Mother Love.FLAC
ee35c993289facaef98c64cc65a0d54d687c5dd584a9c24f48fa0a5a9b3d69ce	31570356	/Volumes/music/Queen/40th Anniversary (Deluxe.Edition) 2011/Studio/1995 - Made In Heaven (Remaster Deluxe 2CD)/CD 1/04 - Mother Love.FLAC
c08da9dbb0f7f8165a2e2419bd6ab1a5f2539fe9db1e0f4c7b07874d52dfcf06	8983286	/Volumes/music/James Brown/James Brown-Zaire soul-2000/James Brown - Zaire Soul -06 - Bewilderd..mp3
c08da9dbb0f7f8165a2e2419bd6ab1a5f2539fe9db1e0f4c7b07874d52dfcf06	8983286	/Volumes/music/James Brown/Live Zaire 1974/Bewilderd.mp3
95d4e093a885c0e6a337c4d96d1ef9d12093d375c2345106ff0d79037cf46b6f	6172326	/Volumes/music/James Brown/James Brown-Make It Funky-The Big Payback-1971-1975-Cd 2/02 - Stoned To the Bone.mp3
95d4e093a885c0e6a337c4d96d1ef9d12093d375c2345106ff0d79037cf46b6f	6172326	/Volumes/music/James Brown/Make It Funky - The Big Payback-1971-1975 (Disc 2)/02 Stoned To the Bone.mp3
795fdb03dceb6f43f29118935018da8b420a28dee184b73f970ef145c743b3ef	1006783	/Volumes/music/James Brown/James Brown-Messing with the blues-Cd 1/13 - Love Don't Love Nobody ( False Start ) .mp3
795fdb03dceb6f43f29118935018da8b420a28dee184b73f970ef145c743b3ef	1006783	/Volumes/music/James Brown/Messing With The Blues/13 Love Don't Love Nobody [#].mp3
5f7d1a08e04ffd112d77c7a5aaea3149c1e2f1dc761480c66ff0a0f6ed0fdfa4	6638594	/Volumes/music/James Brown/James Brown-Messing with the blues-Cd 2/03-Need Your Love So Bad.mp3
5f7d1a08e04ffd112d77c7a5aaea3149c1e2f1dc761480c66ff0a0f6ed0fdfa4	6638594	/Volumes/music/James Brown/Messing With The Blues (disc 2)/03 Need Your Love So Bad.mp3
ed81848455d7a730135b94f6832287c72b60a06c4cb1c413fa000ad4c2f1c7ee	7347074	/Volumes/music/James Brown/At Studio 54 (Remastered)/12 Jam.mp3
ed81848455d7a730135b94f6832287c72b60a06c4cb1c413fa000ad4c2f1c7ee	7347074	/Volumes/music/James Brown/James Brown-At Studio 54-Remastered-2006/12-jam-[www.pctrecords.com].mp3
865421ca92e38a1312bce31664b8f812e4d2313a5aadc10cdef54e840eae508f	3660293	/Volumes/music/James Brown/James Brown-Messing with the blues-Cd 1/11 - Blues For My Baby .mp3
865421ca92e38a1312bce31664b8f812e4d2313a5aadc10cdef54e840eae508f	3660293	/Volumes/music/James Brown/Messing With The Blues/11 Blues For My Baby [#].mp3
670f25ff638bc196e910de5e4ba784796daa82d0cb857e044eceede505a9886e	4652655	/Volumes/music/James Brown/James Brown-Zaire soul-2000/James Brown - Zaire Soul -19 - Please, Please, Please..mp3
670f25ff638bc196e910de5e4ba784796daa82d0cb857e044eceede505a9886e	4652655	/Volumes/music/James Brown/Live Zaire 1974/Please, Please, Please.mp3
06866ef40894a72b2851f801a4c6e0c2cd3d557f73e1d9a49b344d5762286e50	11225880	/Volumes/music/James Brown/James Brown-Make It Funky-The Big Payback-1971-1975-Cd 2/07 - I Can't Stand It '76'.mp3
06866ef40894a72b2851f801a4c6e0c2cd3d557f73e1d9a49b344d5762286e50	11225880	/Volumes/music/James Brown/Make It Funky - The Big Payback-1971-1975 (Disc 2)/07 I Can't Stand It _76_.mp3
d1adb077064e4bbec3e0431410e22d3905f428ce6942e19024c5e26ad161396b	5568640	/Volumes/music/James Brown/James Brown-Messing with the blues-Cd 2/04-Like A Baby.mp3
d1adb077064e4bbec3e0431410e22d3905f428ce6942e19024c5e26ad161396b	5568640	/Volumes/music/James Brown/Messing With The Blues (disc 2)/04 Like A Baby.mp3
a635c90f7838cb68483e2942c8a3357243fcac60f141c81dc4473d55d2c97dfd	3255612	/Volumes/music/Dead Kennedys/Give_Me_Convenience_Or_Give_Me_Death/Dead_Kennedys_-_Give_Me_Convenience_Or_Give_Me_Death_-_01_-_Police_Truck.mp3
a635c90f7838cb68483e2942c8a3357243fcac60f141c81dc4473d55d2c97dfd	3255612	/Volumes/music/Dead Kennedys/Jello's_Revenge_Bootleg/Dead_Kennedys_-_Jello's_Revenge_Bootleg_Part_I_10-25-79_-_01_-_Police_Truck.mp3
a635c90f7838cb68483e2942c8a3357243fcac60f141c81dc4473d55d2c97dfd	3255612	/Volumes/music/Dead Kennedys/Live_In_Los_Angeles/Dead_Kennedys_-_Live_In_Los_Angeles_-_01_-_Police_Truck.mp3
a635c90f7838cb68483e2942c8a3357243fcac60f141c81dc4473d55d2c97dfd	3255612	/Volumes/music/Dead Kennedys/Never_Been_On_MTV_(Bootleg)/Dead_Kennedys_-_Never_Been_On_MTV_(Bootleg)_-_01_-_Police_Truck.mp3
b2e478e6125644eadf43caeb57e67b5432ae3d5d5be4e364350b3fcaa9c9797e	22613242	/Volumes/music/James Brown/At Studio 54 (Remastered)/08 It's A Man's, Man's, Man's World - Lost Somewhere - It's A Man's, Man's, Man's World.mp3
b2e478e6125644eadf43caeb57e67b5432ae3d5d5be4e364350b3fcaa9c9797e	22613242	/Volumes/music/James Brown/James Brown-At Studio 54-Remastered-2006/08-its_a_mans_mans_mans_world-lost_somewhere-its_a_mans_mans_mans_world-[www.pctrecords.com].mp3
98881ecc941db969681fe3bb824f43e06562231f9909a6fd832a4707e0684cc1	5934890	/Volumes/music/James Brown/James Brown-Messing with the blues-Cd 2/06-Suffering With The Blues.mp3
98881ecc941db969681fe3bb824f43e06562231f9909a6fd832a4707e0684cc1	5934890	/Volumes/music/James Brown/Messing With The Blues (disc 2)/06 Suffering With The Blues.mp3
753d4e160fdfa7edddb780c8de7d0ef7455745f420d0707846c337b5864448a2	4415030	/Volumes/music/Donny Osmond 18 LP-CD 1970s-2000s Discography/Donny Osmond - Donny Osmond '89 (UK) - 09 - Only Heaven Knows.mp3
753d4e160fdfa7edddb780c8de7d0ef7455745f420d0707846c337b5864448a2	4415030	/Volumes/music/Donny Osmond 18 LP-CD 1970s-2000s Discography/Donny Osmond - Donny Osmond '89 - 09 - Only Heaven Knows.mp3
579b301b061a4555340bc109352998cdc6338a2b4a2b6f790ceffe197540fe6b	6168466	/Volumes/music/James Brown/James Brown-Zaire soul-2000/James Brown - Zaire Soul -14- Try Me..mp3
579b301b061a4555340bc109352998cdc6338a2b4a2b6f790ceffe197540fe6b	6168466	/Volumes/music/James Brown/Live Zaire 1974/Try Me.mp3
18b65e3c8a1b076505020f5e1e256fd85a73ac424cf47f82084aa4425bb9ea13	4983148	/Volumes/music/Donny Osmond 18 LP-CD 1970s-2000s Discography/Donny Osmond - Donny Osmond '89 (UK) - 06 - Sacred Emotion.mp3
18b65e3c8a1b076505020f5e1e256fd85a73ac424cf47f82084aa4425bb9ea13	4983148	/Volumes/music/Donny Osmond 18 LP-CD 1970s-2000s Discography/Donny Osmond - Donny Osmond '89 - 03 - Sacred Emotion.mp3
0cc66c0648ad2c78190d264787c621314704be378a1f9c389de10f8875511a58	5706784	/Volumes/music/James Brown/James Brown-Make It Funky-The Big Payback-1971-1975-Cd 2/03 - Mind Power.mp3
0cc66c0648ad2c78190d264787c621314704be378a1f9c389de10f8875511a58	5706784	/Volumes/music/James Brown/Make It Funky - The Big Payback-1971-1975 (Disc 2)/03 Mind Power.mp3
91fd5b2847c66663bab720dec6ec095d4121361e3aa66831c1421b0ce34b9412	6334476	/Volumes/music/James Brown/At Studio 54 (Remastered)/13 The Payback - It's Too Funky In Here.mp3
91fd5b2847c66663bab720dec6ec095d4121361e3aa66831c1421b0ce34b9412	6334476	/Volumes/music/James Brown/James Brown-At Studio 54-Remastered-2006/13-the_payback_-_its_too_funky_in_here-[www.pctrecords.com].mp3
33e798c798c9957d0f6205b0c312474167aeeedf4d59764026d02547505f25cc	2503593	/Volumes/music/James Brown/James Brown-Messing with the blues-Cd 1/14 - Love Don't Love Nobody .mp3
33e798c798c9957d0f6205b0c312474167aeeedf4d59764026d02547505f25cc	2503593	/Volumes/music/James Brown/Messing With The Blues/14 Love Don't Love Nobody.mp3
a8884ae9e11e507d2bf03ebd27f17d0268dd232313ea4dc82a97b334e1fba22c	5121381	/Volumes/music/Donny Osmond 18 LP-CD 1970s-2000s Discography/Donny Osmond - Donny Osmond '89 (UK) - 04 - Faces In The Mirror.mp3
a8884ae9e11e507d2bf03ebd27f17d0268dd232313ea4dc82a97b334e1fba22c	5121381	/Volumes/music/Donny Osmond 18 LP-CD 1970s-2000s Discography/Donny Osmond - Donny Osmond '89 - 05 - Faces In The Mirror.mp3
10f30163485c979c2423c1414a63e602a986f5868c7e47bb9ae8c38cf2dc7556	67070621	/Volumes/music/Miles Davis/Miles Davis   Live In Munich/Track 04.flac
10f30163485c979c2423c1414a63e602a986f5868c7e47bb9ae8c38cf2dc7556	67070621	/Volumes/music/Miles Davis/Miles Davis   Munich 1988/Track 04.flac
aaa4a9e4955dec30eab46bd70b87eedf2f420017b0d2e7168abae2dc29ecf8a3	43578215	/Volumes/music/Miles Davis/Miles Davis   Live In Munich/Track 07.flac
aaa4a9e4955dec30eab46bd70b87eedf2f420017b0d2e7168abae2dc29ecf8a3	43578215	/Volumes/music/Miles Davis/Miles Davis   Munich 1988/Track 07.flac
728fe36ad55611349ca7238c942e0a1bee8f200a82eb95b76348d6370c25ba8e	3054119	/Volumes/music/James Brown/James Brown-Zaire soul-2000/James Brown - Zaire Soul -11 - Good Foot..mp3
728fe36ad55611349ca7238c942e0a1bee8f200a82eb95b76348d6370c25ba8e	3054119	/Volumes/music/James Brown/Live Zaire, September 1974/Good Foot.mp3
6c6f99367a9dabce996ba88ba10432701196a04f1fcb3f93adb456b6208556e2	40815954	/Volumes/music/Miles Davis/Miles Davis   Live In Munich/Track 05.flac
6c6f99367a9dabce996ba88ba10432701196a04f1fcb3f93adb456b6208556e2	40815954	/Volumes/music/Miles Davis/Miles Davis   Munich 1988/Track 05.flac
a9ed82a56e26b9b793b1a43a6c0ea0a654283209e60c079309a31da610c0a410	8001536	/Volumes/music/1967-The Moody Blues - Days of Future Passed-1967/06 - Evening - The Sun Set - Twilight Time.mp3
a9ed82a56e26b9b793b1a43a6c0ea0a654283209e60c079309a31da610c0a410	8001536	/Volumes/music/The Moody Blues-1967-1993/1967-The Moody Blues - Days of Future Passed-1967/06 - Evening - The Sun Set - Twilight Time.mp3
9c22fffd34568d550de9d22fb5005b5ba679cf2cc94b48d40543709d5789c1a2	11139990	/Volumes/music/James Brown/James Brown-Make It Funky-The Big Payback-1971-1975-Cd 2/01 - The Payback.mp3
9c22fffd34568d550de9d22fb5005b5ba679cf2cc94b48d40543709d5789c1a2	11139990	/Volumes/music/James Brown/Make It Funky - The Big Payback-1971-1975 (Disc 2)/01 The Payback.mp3
0d1b5c16462869f54a2bba39dbc046d4c64878b045e8444057460468d49f5c17	2337299	/Volumes/music/James Brown/James Brown-Zaire soul-2000/James Brown - Zaire Soul -09 - Papa's Got A Brand New Bag..mp3
0d1b5c16462869f54a2bba39dbc046d4c64878b045e8444057460468d49f5c17	2337299	/Volumes/music/James Brown/Live Zaire 1974/Papa's Got A Brand New Bag.mp3
a28ae9b07bc7be9a15212d2d083d480483e3e10f40b0cba5f8d8dac67fcdf263	5821587	/Volumes/music/James Brown/James Brown-Make It Funky-The Big Payback-1971-1975-Cd 1/05 - King Heroin.mp3
a28ae9b07bc7be9a15212d2d083d480483e3e10f40b0cba5f8d8dac67fcdf263	5821587	/Volumes/music/James Brown/Make It Funky - The Big Payback/06 King Heroin.mp3
969086cbc3a2789d70e0c888aecc1a3c7c8c5abe9c7c5edaafc12e09e15564da	41223882	/Volumes/music/Miles Davis/Miles Davis   Live In Munich/Track 15.flac
969086cbc3a2789d70e0c888aecc1a3c7c8c5abe9c7c5edaafc12e09e15564da	41223882	/Volumes/music/Miles Davis/Miles Davis   Munich 1988/Track 15.flac
90a19287b63fc2b8ece2c31f30366630e45d9f2ce6ef2f27ae5a024e6ec75be1	11855761	/Volumes/music/James Brown/James Brown-Messing with the blues-Cd 2/05-Honky Tonk (parts 1 & 2).mp3
90a19287b63fc2b8ece2c31f30366630e45d9f2ce6ef2f27ae5a024e6ec75be1	11855761	/Volumes/music/James Brown/Messing With The Blues (disc 2)/05 Honky Tonk (parts 1 & 2).mp3
ab3043daf550efc65e8e51fa6d64687974a5aa65f305a05d08d04c5b35e9662a	3819021	/Volumes/music/Donny Osmond 18 LP-CD 1970s-2000s Discography/Donny Osmond - Donny Osmond '89 (UK) - 10 - I'm In It For Love.mp3
ab3043daf550efc65e8e51fa6d64687974a5aa65f305a05d08d04c5b35e9662a	3819021	/Volumes/music/Donny Osmond 18 LP-CD 1970s-2000s Discography/Donny Osmond - Donny Osmond '89 - 11 - I'm In It For Love.mp3
62daa5f7505d2a4ff7e6d91757e8c7e3b3656f4e66df20a9980fa8b53ada23b2	3072956	/Volumes/music/James Brown/James Brown-Zaire soul-2000/James Brown - Zaire Soul -04 - MakeItFunky..mp3
62daa5f7505d2a4ff7e6d91757e8c7e3b3656f4e66df20a9980fa8b53ada23b2	3072956	/Volumes/music/James Brown/Live Zaire, September 1974/Make It Funky.mp3
78603e194e5f9c1937db367e6bdb2134e310d5c166e8481f87f883ad6a7bc729	4477056	/Volumes/music/James Brown/James Brown-20 All-Time Greatest Hits!-1991/09 - It's a Man's Man's Man's World.mp3
78603e194e5f9c1937db367e6bdb2134e310d5c166e8481f87f883ad6a7bc729	4477056	/Volumes/music/James Brown/The Very Best of James Brown/07 It's a man's man's man's world.mp3
cde85bc33e50e0bc1d7e3b47163a7f4a57a352036793688ce456b927d4d0e9ca	4169995	/Volumes/music/James Brown/James Brown-Make It Funky-The Big Payback-1971-1975-Cd 2/08 - My Thang.m4a
cde85bc33e50e0bc1d7e3b47163a7f4a57a352036793688ce456b927d4d0e9ca	4169995	/Volumes/music/James Brown/Make It Funky - The Big Payback 1971-1975 (Disc 2)/2-08 My Thang.m4a
d932080e34f66b68c232df2c6b0ee9552e7e2586c9daa74e2c60329c72e70a8d	4714624	/Volumes/music/1967-The Moody Blues - Days of Future Passed-1967/03 - The Morning [Another Morning].mp3
d932080e34f66b68c232df2c6b0ee9552e7e2586c9daa74e2c60329c72e70a8d	4714624	/Volumes/music/The Moody Blues-1967-1993/1967-The Moody Blues - Days of Future Passed-1967/03 - The Morning [Another Morning].mp3
cd8b55bd577fd3fffc4a4677c395c40586d3c67bcf294d31d3254568848b482a	38370782	/Volumes/music/Miles Davis/Miles Davis   Live In Munich/Track 10.flac
cd8b55bd577fd3fffc4a4677c395c40586d3c67bcf294d31d3254568848b482a	38370782	/Volumes/music/Miles Davis/Miles Davis   Munich 1988/Track 10.flac
4353fb1d10abb4709d3737d3df47e0f99e88dc5849d6f3f5de38a15ae5b684f1	101683510	/Volumes/music/Miles Davis/Miles Davis   Live In Munich/Track 12.flac
4353fb1d10abb4709d3737d3df47e0f99e88dc5849d6f3f5de38a15ae5b684f1	101683510	/Volumes/music/Miles Davis/Miles Davis   Munich 1988/Track 12.flac
9d2ffc1c67d01f95a81d4c54424e1a40b8aa6bedbdd76fd0e69e8173ca465262	2821461	/Volumes/music/James Brown/James Brown-Make It Funky-The Big Payback-1971-1975-Cd 2/11 - Problems.m4a
9d2ffc1c67d01f95a81d4c54424e1a40b8aa6bedbdd76fd0e69e8173ca465262	2821461	/Volumes/music/James Brown/Make It Funky - The Big Payback 1971-1975 (Disc 2)/2-11 Problems.m4a
7ec977b5cf27eb0a7ee2e38b486930f5ebd064bd1e5077a4a9ff255d387aaed6	6352528	/Volumes/music/James Brown/At Studio 54 (Remastered)/07 Get On The Good Foot.mp3
7ec977b5cf27eb0a7ee2e38b486930f5ebd064bd1e5077a4a9ff255d387aaed6	6352528	/Volumes/music/James Brown/James Brown-At Studio 54-Remastered-2006/07-get_on_the_good_foot-[www.pctrecords.com].mp3
2d037f5640ce538c8420bd34719c4b58451ebf851023ecd3d1dad68302c62c78	5981993	/Volumes/music/James Brown/James Brown-Make It Funky-The Big Payback-1971-1975-Cd 2/12 - Turn On The Heat And Build Some.m4a
2d037f5640ce538c8420bd34719c4b58451ebf851023ecd3d1dad68302c62c78	5981993	/Volumes/music/James Brown/Make It Funky - The Big Payback 1971-1975 (Disc 2)/2-12 Turn On The Heat And Build Some Fire.m4a
e6d5dc9bd31d211a72311d709d2368eabf92159ab3d25014e6e9b41fcf22e190	4067022	/Volumes/music/James Brown/James Brown-Make It Funky-The Big Payback-1971-1975-Cd 2/09 - Funky President (People It's Ba.m4a
e6d5dc9bd31d211a72311d709d2368eabf92159ab3d25014e6e9b41fcf22e190	4067022	/Volumes/music/James Brown/Make It Funky - The Big Payback 1971-1975 (Disc 2)/2-09 Funky President (People It's Bad).m4a
6dd2c760bc88c6144ef2daeaff0db886dd0b3ce7f7f1943bf24d8a0cee6ae6b5	6352058	/Volumes/music/James Brown/James Brown-Zaire soul-2000/James Brown - Zaire Soul -12- Zaire Soul..mp3
6dd2c760bc88c6144ef2daeaff0db886dd0b3ce7f7f1943bf24d8a0cee6ae6b5	6352058	/Volumes/music/James Brown/Live Zaire, September 1974/Zaire Soul.mp3
151b19d4983ebd5ba0b800ce42d8a75a9b13c511d25f068c8429ed2a3821671f	2670777	/Volumes/music/James Brown/James Brown-Messing with the blues-Cd 1/08 - Messing With The Blues .mp3
151b19d4983ebd5ba0b800ce42d8a75a9b13c511d25f068c8429ed2a3821671f	2670777	/Volumes/music/James Brown/Messing With The Blues/08 Messing With The Blues.mp3
5339ca400a860007b9261023de94d062eeaf439138399feb0aefda81cfb2b655	7139935	/Volumes/music/James Brown/James Brown-Make It Funky-The Big Payback-1971-1975-Cd 2/13 - Hot Pants Finale (live).m4a
5339ca400a860007b9261023de94d062eeaf439138399feb0aefda81cfb2b655	7139935	/Volumes/music/James Brown/Make It Funky - The Big Payback 1971-1975 (Disc 2)/2-13 Hot Pants Finale (live).m4a
9263b9e53e12f7adf78d0baf2cb71a0a771e1583c1194de97185d566a820df94	31643613	/Volumes/music/Miles Davis/Miles Davis   Live In Munich/Track 09.flac
9263b9e53e12f7adf78d0baf2cb71a0a771e1583c1194de97185d566a820df94	31643613	/Volumes/music/Miles Davis/Miles Davis   Munich 1988/Track 09.flac
7cfdbe7c7fc570017c9152c16ea74ba2b0cd43f16d93ba78afdd9559e7b697e0	4404819	/Volumes/music/James Brown/James Brown-Messing with the blues-Cd 1/04 - Somebody Done Changed The Lock On My Door .mp3
7cfdbe7c7fc570017c9152c16ea74ba2b0cd43f16d93ba78afdd9559e7b697e0	4404819	/Volumes/music/James Brown/Messing With The Blues/04 Somebody Done Changed The Lock On My Door [#].mp3
e4fe50bdf10c6290d431657cd56001b09115d441f89f812930ca6cebfc46a29d	18536533	/Volumes/music/James Brown/James Brown-Make It Funky-The Big Payback-1971-1975-Cd 1/04 - Make It Funky, Parts 1, 2, 3 & 4.mp3
e4fe50bdf10c6290d431657cd56001b09115d441f89f812930ca6cebfc46a29d	18536533	/Volumes/music/James Brown/Make It Funky - The Big Payback/05 Make It Funky, Parts 1, 2, 3 &.mp3
6f98e3e77d0364c53b8c6f8d3d4e0f71417743908af3626c0679edea73b9d1b4	3185386	/Volumes/music/James Brown/James Brown-Messing with the blues-Cd 1/06 - Good Rochin' Tonight .mp3
6f98e3e77d0364c53b8c6f8d3d4e0f71417743908af3626c0679edea73b9d1b4	3185386	/Volumes/music/James Brown/Messing With The Blues/06 Good Rockin' Tonight.mp3
b410e2fce654617eb912426639ceb25bb9523f781ed085220c00d73a49eaefa2	7028736	/Volumes/music/1967-The Moody Blues - Days of Future Passed-1967/01 - The Day Begins.mp3
b410e2fce654617eb912426639ceb25bb9523f781ed085220c00d73a49eaefa2	7028736	/Volumes/music/The Moody Blues-1967-1993/1967-The Moody Blues - Days of Future Passed-1967/01 - The Day Begins.mp3
3d1f8b0c5a56b12752f501e0394b23677fb982dbe4f88706ac759c271ee8d005	4575232	/Volumes/music/1967-The Moody Blues - Days of Future Passed-1967/02 - Dawn [Dawn is a Feeling].mp3
3d1f8b0c5a56b12752f501e0394b23677fb982dbe4f88706ac759c271ee8d005	4575232	/Volumes/music/The Moody Blues-1967-1993/1967-The Moody Blues - Days of Future Passed-1967/02 - Dawn [Dawn is a Feeling].mp3
47b6e1561ccedd5e5dd203f16b89bbc7fd721cf7e2b0a171ab9ac5052b386ec5	8065930	/Volumes/music/Wang Chung Discography/08 - Wait.mp3
47b6e1561ccedd5e5dd203f16b89bbc7fd721cf7e2b0a171ab9ac5052b386ec5	8065930	/Volumes/music/Wang Chung Discography/08 - Wait (2).mp3
6cc06c5776c3927b9edd351b466febc59648ac4288c215a149f3e2c68221caf4	10841486	/Volumes/music/James Brown/James Brown-Make It Funky-The Big Payback-1971-1975-Cd 1/06 - I Got Ants In My Pants (And I Want To Dance).mp3
6cc06c5776c3927b9edd351b466febc59648ac4288c215a149f3e2c68221caf4	10841486	/Volumes/music/James Brown/Make It Funky - The Big Payback/07 I Got Ants In My Pants (And I.mp3
3fa870285848ad3a024931ac7863b78f888a36366ed315ca5406770946b15c65	53062116	/Volumes/music/Miles Davis/Miles Davis   Live In Munich/Track 08.flac
3fa870285848ad3a024931ac7863b78f888a36366ed315ca5406770946b15c65	53062116	/Volumes/music/Miles Davis/Miles Davis   Munich 1988/Track 08.flac
ac16e18519cda44139aee3a525aad156962bd7e1e9afe78a9d5bbc0404332b58	4664321	/Volumes/music/James Brown/James Brown-20 All-Time Greatest Hits!-1991/12 - Cold Sweat, Pt. 1.mp3
ac16e18519cda44139aee3a525aad156962bd7e1e9afe78a9d5bbc0404332b58	4664321	/Volumes/music/James Brown/The Very Best of James Brown/08 Cold sweat.mp3
b2503fc63073126111763f67823c9d06be190a8d5c06f4ad39151121725e1b5b	2072704	/Volumes/music/James Brown/James Brown-Messing with the blues-Cd 2/08-Radio Spot.mp3
b2503fc63073126111763f67823c9d06be190a8d5c06f4ad39151121725e1b5b	2072704	/Volumes/music/James Brown/Messing With The Blues (disc 2)/08 Radio Spot.mp3
1bc240335dc8fc2cbb5497b5f4fde63e98fe728efb20b0d6dd37b629e3e10bf3	4295402	/Volumes/music/James Brown/James Brown-20 All-Time Greatest Hits!-1991/01 - I got you (I feel good).mp3
1bc240335dc8fc2cbb5497b5f4fde63e98fe728efb20b0d6dd37b629e3e10bf3	4295402	/Volumes/music/James Brown/The Very Best of James Brown/06 I got you (I feel good).mp3
97a14fd0016de959a0c0c8123b22a5670619f15d8360d79739210f14372bf493	2970229	/Volumes/music/James Brown/James Brown-Zaire soul-2000/James Brown - Zaire Soul -10 - Gimme Some More-Good Foot..mp3
97a14fd0016de959a0c0c8123b22a5670619f15d8360d79739210f14372bf493	2970229	/Volumes/music/James Brown/Live Zaire 1974/Gimme Some More - Good Foot.mp3
720761aa1cc74d2908a075cb33507dd8894746424b3cc4904fcbf844c75fce01	5114764	/Volumes/music/James Brown/At Studio 54 (Remastered)/10 Cold Sweat.mp3
720761aa1cc74d2908a075cb33507dd8894746424b3cc4904fcbf844c75fce01	5114764	/Volumes/music/James Brown/James Brown-At Studio 54-Remastered-2006/10-cold_sweat-[www.pctrecords.com].mp3
c29e1d06f9d0a8330e9cc5c06aca7dca3354ac13717309fde6c0657ab575ad6c	3168077	/Volumes/music/Dead Kennedys/Jello's_Revenge_Bootleg/Dead_Kennedys_-_Jello's_Revenge_Bootleg_Part_I_10-25-79_-_03_-_Chemical_Warfare.mp3
c29e1d06f9d0a8330e9cc5c06aca7dca3354ac13717309fde6c0657ab575ad6c	3168077	/Volumes/music/Dead Kennedys/Live_In_Los_Angeles/Dead_Kennedys_-_Live_In_Los_Angeles_-_03_-_Chemical_Warfare.mp3
e1becd42974a7f16967883ea056af94786dd7ee4f2e3ca9aa547d1edc09c3218	7845346	/Volumes/music/James Brown/James Brown-Make It Funky-The Big Payback-1971-1975-Cd 1/11 - Down And Out In New York City (Version With Spoken Intro).mp3
e1becd42974a7f16967883ea056af94786dd7ee4f2e3ca9aa547d1edc09c3218	7845346	/Volumes/music/James Brown/Make It Funky - The Big Payback/12 Down and Out In New York City.mp3
85a4c90ac4df72345a362d59c6cf4f1fff0592a4b370f3f2f5082bbf83aff66b	4361930	/Volumes/music/James Brown/James Brown-Messing with the blues-Cd 1/18 - The Bells ( Alternate ) .mp3
85a4c90ac4df72345a362d59c6cf4f1fff0592a4b370f3f2f5082bbf83aff66b	4361930	/Volumes/music/James Brown/Messing With The Blues/18 The Bells [#].mp3
60c538851ab0337d3aad1414fc9be1eb719d6af75eec4b4e20b25194fb07c9e6	12272787	/Volumes/music/James Brown/James Brown-Make It Funky-The Big Payback-1971-1975-Cd 1/09 - Don't Tell It (Complete Version).mp3
60c538851ab0337d3aad1414fc9be1eb719d6af75eec4b4e20b25194fb07c9e6	12272787	/Volumes/music/James Brown/Make It Funky - The Big Payback/10 Don't Tell It (complete versio.mp3
db939baad84df5e94f937bcbce79a1d479af83f43ba8a7fbefd2d29d3ae254e7	3680773	/Volumes/music/James Brown/James Brown-Zaire soul-2000/James Brown - Zaire Soul -02 - Soulpower..mp3
db939baad84df5e94f937bcbce79a1d479af83f43ba8a7fbefd2d29d3ae254e7	3680773	/Volumes/music/James Brown/Live Zaire, September 1974/Soulpower.mp3
d22b48d20c1b310eecf9993fed03af1c14f2c45021049264b0b4c8979ed60f89	6750350	/Volumes/music/Jimmy Cliff - 28 Album Collection/[2000] - Wonderful World (192 Kbps)/CD1/Jimmy Cliff-Peace.mp3
d22b48d20c1b310eecf9993fed03af1c14f2c45021049264b0b4c8979ed60f89	6750350	/Volumes/music/Jimmy Cliff - 28 Album Collection/[2000] - Wonderful World (192 Kbps)/CD2/Jimmy Cliff-Peace.mp3
bd911ac4d9311ef059634d18548927f315ed723fee81b4f34e8f9550edcfbb0e	7327526	/Volumes/music/James Brown/James Brown-20 All-Time Greatest Hits!-1991/19 - Get Up Offa That Thing.mp3
bd911ac4d9311ef059634d18548927f315ed723fee81b4f34e8f9550edcfbb0e	7327526	/Volumes/music/James Brown/The Very Best of James Brown/15 Get up offa that thing.mp3
51e543a5051232ba72c835d95a3af87392e78a0a190a7647fa5bfcce800e8902	22525238	/Volumes/music/James Brown/James Brown-Messing with the blues-Cd 2/01-Don't Deceive Me (Please Don't Go).mp3
51e543a5051232ba72c835d95a3af87392e78a0a190a7647fa5bfcce800e8902	22525238	/Volumes/music/James Brown/Messing With The Blues (disc 2)/01 Don't Deceive Me (Please Don't Go).mp3
277fa4cb764acc65d06d580537f9c658647ea4165a0bbc3d4dde26986fb28827	2069861	/Volumes/music/Dead Kennedys/Bedtime For Democracy/Dead_Kennedys_-_Bedtime_For_Democracy_-_02_-_Hop_With_The_Jet_Set.mp3
277fa4cb764acc65d06d580537f9c658647ea4165a0bbc3d4dde26986fb28827	2069861	/Volumes/music/Dead Kennedys/Never_Been_On_MTV_(Bootleg)/Dead_Kennedys_-_Never_Been_On_MTV_(Bootleg)_-_02_-_Hop_With_The_Jet_Set.mp3
98c46cd0a5d5cc5d7886460f5ab8dd043e1c3a1450bbd315549c919e84795e3a	10418303	/Volumes/music/James Brown/James Brown-Make It Funky-The Big Payback-1971-1975-Cd 1/03 - I'm A Greedy Man.mp3
98c46cd0a5d5cc5d7886460f5ab8dd043e1c3a1450bbd315549c919e84795e3a	10418303	/Volumes/music/James Brown/Make It Funky - The Big Payback/04 I'm A Greedy Man.mp3
37a2aecd23947d23a6e040ea3cf4b7c3cdd488b12a1944faa64bccbec9f9b603	3898627	/Volumes/music/James Brown/At Studio 54 (Remastered)/06 Papa's Got A Brand New Bag.mp3
37a2aecd23947d23a6e040ea3cf4b7c3cdd488b12a1944faa64bccbec9f9b603	3898627	/Volumes/music/James Brown/James Brown-At Studio 54-Remastered-2006/06-papas_got_a_brand_new_bag-[www.pctrecords.com].mp3
e277525cca3ae47dd318b019bd906bc5de320f650a99cd0f67964e79ae0a8b14	4074046	/Volumes/music/James Brown/James Brown-20 All-Time Greatest Hits!-1991/20 - Please Please Please.mp3
e277525cca3ae47dd318b019bd906bc5de320f650a99cd0f67964e79ae0a8b14	4074046	/Volumes/music/James Brown/The Very Best of James Brown/01 Please Please Please.mp3
40c7bec61e797243697b057372c9b81dbaebba2bc448bc7070213126f33d1e9b	4343371	/Volumes/music/James Brown/At Studio 54 (Remastered)/09 I Got The Feeling.mp3
40c7bec61e797243697b057372c9b81dbaebba2bc448bc7070213126f33d1e9b	4343371	/Volumes/music/James Brown/James Brown-At Studio 54-Remastered-2006/09-i_got_the_feeling-[www.pctrecords.com].mp3
a53b8b9f5c5b9d18d53bdda1eb5c06ba06275c2291f35e2fd28ca11bffe02dc6	7985697	/Volumes/music/James Brown/At Studio 54 (Remastered)/03 Body Heat.mp3
a53b8b9f5c5b9d18d53bdda1eb5c06ba06275c2291f35e2fd28ca11bffe02dc6	7985697	/Volumes/music/James Brown/James Brown-At Studio 54-Remastered-2006/03-body_heat-[www.pctrecords.com].mp3
7d313363a789173cd3ded2e17c1853ec1c170a9f78fd90a6303a6832e10643cb	4930798	/Volumes/music/James Brown/James Brown-Messing with the blues-Cd 2/11-Wonder When You're Coming Home.mp3
7d313363a789173cd3ded2e17c1853ec1c170a9f78fd90a6303a6832e10643cb	4930798	/Volumes/music/James Brown/Messing With The Blues (disc 2)/11 Wonder When You're Coming Home.mp3
d43fde07c45fc87a4482ea19e5ee4f37cfcdac2841f446ecf9a7f1dc3042813c	9913179	/Volumes/music/James Brown/James Brown-Zaire soul-2000/James Brown - Zaire Soul -13 - Sax Solo Maceo - Man's World..mp3
d43fde07c45fc87a4482ea19e5ee4f37cfcdac2841f446ecf9a7f1dc3042813c	9913179	/Volumes/music/James Brown/Live Zaire 1974/13 Sax Solo Maceo - Man's World.mp3
d8a22d6113832d8f8054feef1610a75aea51e0a0bb83a52f55865e68f1a8a1b1	8900736	/Volumes/music/1967-The Moody Blues - Days of Future Passed-1967/07 - The Night [Nights in White Satin].mp3
d8a22d6113832d8f8054feef1610a75aea51e0a0bb83a52f55865e68f1a8a1b1	8900736	/Volumes/music/The Moody Blues-1967-1993/1967-The Moody Blues - Days of Future Passed-1967/07 - The Night [Nights in White Satin].mp3
25f22aba3abfc8109941ffe830a3b3e2a397d4c171d3d6ef62cf8c8cbdbc38b5	6681271	/Volumes/music/James Brown/James Brown-Messing with the blues-Cd 2/09-Talk To Me, Talk To Me.mp3
25f22aba3abfc8109941ffe830a3b3e2a397d4c171d3d6ef62cf8c8cbdbc38b5	6681271	/Volumes/music/James Brown/Messing With The Blues (disc 2)/09 Talk To Me, Talk To Me.mp3
86945023b57a325e73314388cbbd98dc086bc12e40fb13a100b90d1a3e5c2baf	5959514	/Volumes/music/James Brown/James Brown-Make It Funky-The Big Payback-1971-1975-Cd 1/01 - Escape-ism.mp3
86945023b57a325e73314388cbbd98dc086bc12e40fb13a100b90d1a3e5c2baf	5959514	/Volumes/music/James Brown/Make It Funky - The Big Payback/02 Escape-ism.mp3
d5af59f0bd1d1d46bcaa3613175168eebfb8ef7ce925bc843b1ea27f1ff5c51a	15006955	/Volumes/music/James Brown/James Brown-Messing with the blues-Cd 2/10-Kansas City.mp3
d5af59f0bd1d1d46bcaa3613175168eebfb8ef7ce925bc843b1ea27f1ff5c51a	15006955	/Volumes/music/James Brown/Messing With The Blues (disc 2)/10 Kansas City.mp3
00f158df7b55074009568a685f52201f342397111008d4f21958819003af86f9	7336343	/Volumes/music/James Brown/James Brown-Make It Funky-The Big Payback-1971-1975-Cd 2/04 - World Of Soul.mp3
00f158df7b55074009568a685f52201f342397111008d4f21958819003af86f9	7336343	/Volumes/music/James Brown/Make It Funky - The Big Payback-1971-1975 (Disc 2)/04 World Of Soul.mp3
4a389b8a61da13b6751f8d856b043e496226d5761d314f22ac312b38b7a35db6	3226468	/Volumes/music/James Brown/James Brown-Zaire soul-2000/James Brown - Zaire Soul -17 - My Thang..mp3
4a389b8a61da13b6751f8d856b043e496226d5761d314f22ac312b38b7a35db6	3226468	/Volumes/music/James Brown/Live Zaire 1974/My Thang.mp3
fd23e24623c487c7028201b52c2917a47d0fe9f8a1977394bf9f7ecdc34dc90b	5400704	/Volumes/music/James Brown/James Brown-Messing with the blues-Cd 2/02-The Things That I Used To Do.mp3
fd23e24623c487c7028201b52c2917a47d0fe9f8a1977394bf9f7ecdc34dc90b	5400704	/Volumes/music/James Brown/Messing With The Blues (disc 2)/02 The Things That I Used To Do.mp3
07672ae7fe67323ca817cf30c500a212f5207d5767d9b99fd14c4bd6ccb30080	8392343	/Volumes/music/James Brown/James Brown-Zaire soul-2000/James Brown - Zaire Soul -01 - Intro-Payback..mp3
07672ae7fe67323ca817cf30c500a212f5207d5767d9b99fd14c4bd6ccb30080	8392343	/Volumes/music/James Brown/Live Zaire, September 1974/Intro - Payback.mp3
411ef238b5ce4e3bc9ac26c17e490a09fe4579dc8e1bbc66afd7a12d653d4e9d	6102732	/Volumes/music/James Brown/James Brown-Messing with the blues-Cd 1/15 - Goin' Home .mp3
411ef238b5ce4e3bc9ac26c17e490a09fe4579dc8e1bbc66afd7a12d653d4e9d	6102732	/Volumes/music/James Brown/Messing With The Blues/15 Goin' Home [#].mp3
9a0d567ffa00a2075aaf1ae90d4524e981a4c7a7df18617836d91568487d2b01	5567677	/Volumes/music/James Brown/James Brown-Make It Funky-The Big Payback-1971-1975-Cd 1/10 - I Got A Bag Of My Own.mp3
9a0d567ffa00a2075aaf1ae90d4524e981a4c7a7df18617836d91568487d2b01	5567677	/Volumes/music/James Brown/Make It Funky - The Big Payback/11 I Got a Bag Of My Own.mp3
4fdbfb7fdce76c2952fa9a3b7dcccdd557bb730ce6978aa537a334e158a42a92	7902369	/Volumes/music/James Brown/James Brown-Zaire soul-2000/James Brown - Zaire Soul -05 - Doing It To Death..mp3
4fdbfb7fdce76c2952fa9a3b7dcccdd557bb730ce6978aa537a334e158a42a92	7902369	/Volumes/music/James Brown/Live Zaire 1974/Doing It To Death.mp3
a85523b2a20ed7f8acb2fbf66ff70c7f24c032ec01463470a2343eb3c7ac9b51	7200382	/Volumes/music/James Brown/James Brown-Make It Funky-The Big Payback-1971-1975-Cd 2/06 - Coldblodded.mp3
a85523b2a20ed7f8acb2fbf66ff70c7f24c032ec01463470a2343eb3c7ac9b51	7200382	/Volumes/music/James Brown/Make It Funky - The Big Payback-1971-1975 (Disc 2)/06 Coldblodded.mp3
62f864e3f2d90e6f0834a59e4f70004c7828922eb5aa341cf1be9262108149f7	4184317	/Volumes/music/Dead Kennedys/Jello's_Revenge_Bootleg/Dead_Kennedys_-_Jello's_Revenge_Bootleg_Part_II_5-24-85_-_10_-_Goons_Of_Hazzard.mp3
62f864e3f2d90e6f0834a59e4f70004c7828922eb5aa341cf1be9262108149f7	4184317	/Volumes/music/Dead Kennedys/Never_Been_On_MTV_(Bootleg)/Dead_Kennedys_-_Never_Been_On_MTV_(Bootleg)_-_10_-_Goons_Of_Hazzard.mp3
e956312d7df125570305dbfbd6dd7e2e5a1e740d32c9c12bdd8a915c234453f9	4744382	/Volumes/music/Donny Osmond 18 LP-CD 1970s-2000s Discography/Donny Osmond - Donny Osmond '89 (UK) - 02 - Groove.mp3
e956312d7df125570305dbfbd6dd7e2e5a1e740d32c9c12bdd8a915c234453f9	4744382	/Volumes/music/Donny Osmond 18 LP-CD 1970s-2000s Discography/Donny Osmond - Donny Osmond '89 - 08 - Groove.mp3
1488956f79aac3ac08937bf7646cba1a1fa9e91a734eefb7be7cf485cd0c3a0b	3862489	/Volumes/music/Donny Osmond 18 LP-CD 1970s-2000s Discography/Donny Osmond - Donny Osmond '89 (UK) - 08 - Hold On.mp3
1488956f79aac3ac08937bf7646cba1a1fa9e91a734eefb7be7cf485cd0c3a0b	3862489	/Volumes/music/Donny Osmond 18 LP-CD 1970s-2000s Discography/Donny Osmond - Donny Osmond '89 - 10 - Hold On.mp3
ae8d55f29b9298d7f15e7e2a3e4ebdb2b1b1588655d462b8c3428f70239b1c78	10061824	/Volumes/music/1967-The Moody Blues - Days of Future Passed-1967/05 - The Afternoon - Forever Afternoon (Tuesday).mp3
ae8d55f29b9298d7f15e7e2a3e4ebdb2b1b1588655d462b8c3428f70239b1c78	10061824	/Volumes/music/The Moody Blues-1967-1993/1967-The Moody Blues - Days of Future Passed-1967/05 - The Afternoon - Forever Afternoon (Tuesday).mp3
642c9ebca4e000a6fdd5b9e866c515b40b4c3b42c5f7912ac8313ada70726401	3632077	/Volumes/music/James Brown/James Brown-Messing with the blues-Cd 1/02 - Don't Cry Baby .mp3
642c9ebca4e000a6fdd5b9e866c515b40b4c3b42c5f7912ac8313ada70726401	3632077	/Volumes/music/James Brown/Messing With The Blues/02 Don't Cry Baby [#].mp3
e2e8460d5555fe6190044decabd2432c17df5c82e384111d091340ce0a31c881	3384953	/Volumes/music/James Brown/James Brown-Messing with the blues-Cd 1/09 - Waiting In Vain .mp3
e2e8460d5555fe6190044decabd2432c17df5c82e384111d091340ce0a31c881	3384953	/Volumes/music/James Brown/Messing With The Blues/09 Waiting In Vain.mp3
06be6f67b504af7921b1151377bfb04f03e9624a93447409d24993cbfe6f8ac8	66031443	/Volumes/music/Miles Davis/Miles Davis   Live In Munich/Track 13.flac
06be6f67b504af7921b1151377bfb04f03e9624a93447409d24993cbfe6f8ac8	66031443	/Volumes/music/Miles Davis/Miles Davis   Munich 1988/Track 13.flac
e50a15b6715645f1256911334f597906dd5347693bbc9b25d69cd8a47a3918d4	3259792	/Volumes/music/Donny Osmond 18 LP-CD 1970s-2000s Discography/Donny Osmond - Donny Osmond '89 (UK) - 03 - Inner Rhythm.mp3
e50a15b6715645f1256911334f597906dd5347693bbc9b25d69cd8a47a3918d4	3259792	/Volumes/music/Donny Osmond 18 LP-CD 1970s-2000s Discography/Donny Osmond - Donny Osmond '89 - 04 - Inner Rhythm.mp3
d0b7a00cebe23a084363e9a4f68d31fb2ec66c4821ac71d7783fe31c23dcea06	4428990	/Volumes/music/James Brown/James Brown-Zaire soul-2000/James Brown - Zaire Soul -15 - For The Love Of Money..mp3
d0b7a00cebe23a084363e9a4f68d31fb2ec66c4821ac71d7783fe31c23dcea06	4428990	/Volumes/music/James Brown/Live Zaire 1974/For Yhe Love Of Money.mp3
1b8e181e0af5f8cbb6f70ea26e690a9c8ac71b355bf1068172eeed9a7d84852c	6707328	/Volumes/music/James Brown/James Brown-20 All-Time Greatest Hits!-1991/11 - Night Train.mp3
1b8e181e0af5f8cbb6f70ea26e690a9c8ac71b355bf1068172eeed9a7d84852c	6707328	/Volumes/music/James Brown/The Very Best of James Brown/03 Night train.mp3
ec49e11d061e97d05ebb4bac88e9097e2cbde2502862a0dc517a04a2ad4ff587	3605982	/Volumes/music/James Brown/James Brown-Messing with the blues-Cd 1/05 - Ain't Nobody Here But Us Chickens ( Alternate ) .mp3
ec49e11d061e97d05ebb4bac88e9097e2cbde2502862a0dc517a04a2ad4ff587	3605982	/Volumes/music/James Brown/Messing With The Blues/05 Ain't Nobody Here But Us Chickens [#].mp3
f5b59a81bd6f119860cabb23135025dd1be7cae0bd90a998a58eb90edba47af5	4627139	/Volumes/music/Donny Osmond 18 LP-CD 1970s-2000s Discography/Donny Osmond - Donny Osmond '89 (UK) - 01 - If It's Love That You Want.mp3
f5b59a81bd6f119860cabb23135025dd1be7cae0bd90a998a58eb90edba47af5	4627139	/Volumes/music/Donny Osmond 18 LP-CD 1970s-2000s Discography/Donny Osmond - Donny Osmond '89 - 02 - If It's Love That You Want.mp3
d6eaf00228bbbd68f3962915f24a20b1ced957f88f897414367d0751d46dbabd	4311352	/Volumes/music/James Brown/James Brown-20 All-Time Greatest Hits!-1991/16 - Say It Loud (I'm Black and I'm Proud), Pt. 1.mp3
d6eaf00228bbbd68f3962915f24a20b1ced957f88f897414367d0751d46dbabd	4311352	/Volumes/music/James Brown/The Very Best of James Brown/09 Say it loud I'm black and I'm proud.mp3
6d95935996bde3de0e441d2d463bfb028101f657d745206b63dd7d55d7dbd4d2	35583219	/Volumes/music/Miles Davis/Miles Davis   Live In Munich/Track 03.flac
6d95935996bde3de0e441d2d463bfb028101f657d745206b63dd7d55d7dbd4d2	35583219	/Volumes/music/Miles Davis/Miles Davis   Munich 1988/Track 03.flac
9c95b7511abd80711b78c757e5b069188abb604d55b00e9b8a93ee3183967f54	498933	/Volumes/music/RANDOM/ScotBrave.mp3
9c95b7511abd80711b78c757e5b069188abb604d55b00e9b8a93ee3183967f54	498933	/Volumes/music/ScotBrave.mp3
7634b49abd513f9de0eba4452fe7835f95290d2a510599eb54b8b77d7e352e3a	7985733	/Volumes/music/James Brown/James Brown-Zaire soul-2000/James Brown - Zaire Soul -07 - Sex Machine..mp3
7634b49abd513f9de0eba4452fe7835f95290d2a510599eb54b8b77d7e352e3a	7985733	/Volumes/music/James Brown/Live Zaire 1974/Sex Machine.mp3
b6198a6a4c5efc25ec9c0da8ed19dde351457fea10d1e3fa52fe855e042db505	3301927	/Volumes/music/James Brown/James Brown-20 All-Time Greatest Hits!-1991/07 - Papa's Got A Brand New Bag  PT 1.mp3
b6198a6a4c5efc25ec9c0da8ed19dde351457fea10d1e3fa52fe855e042db505	3301927	/Volumes/music/James Brown/The Very Best of James Brown/05 Papa's got a brand new bag.mp3
45cd14db469a6dab71af1b46c2667f41ec1dda23fab951422e8621175cf31c81	3565489	/Volumes/music/James Brown/James Brown-Zaire soul-2000/James Brown - Zaire Soul -16 - Payback (Reprise)..mp3
45cd14db469a6dab71af1b46c2667f41ec1dda23fab951422e8621175cf31c81	3565489	/Volumes/music/James Brown/Live Zaire 1974/Payback (Reprise).mp3
d7f301e5674e8a8c9310e713ca45116f84061ec4e7dfac2b223e54850f22f66e	4364346	/Volumes/music/James Brown/At Studio 54 (Remastered)/01 Gonna Have A Funky Good Time (Doing It To Death).mp3
d7f301e5674e8a8c9310e713ca45116f84061ec4e7dfac2b223e54850f22f66e	4364346	/Volumes/music/James Brown/James Brown-At Studio 54-Remastered-2006/01-gonna_have_a_funky_good_time_(doing_it_to_death)-[www.pctrecords.com].mp3
26767f0637832ac156c9cefb36f3b91bb59af28d2aff8c4e1ff8cc30ed76c34b	2546556	/Volumes/music/James Brown/James Brown-Zaire soul-2000/James Brown - Zaire Soul -03 - TheBoss..mp3
26767f0637832ac156c9cefb36f3b91bb59af28d2aff8c4e1ff8cc30ed76c34b	2546556	/Volumes/music/James Brown/Live Zaire, September 1974/The Boss.mp3
a04ff533dde744cad76c1807ca5af121ee32d43d95fd2334f490d37ac998a24e	12527744	/Volumes/music/James Brown/James Brown-Messing with the blues-Cd 2/12-Like It Is, Like Was (The Blues, continued).mp3
a04ff533dde744cad76c1807ca5af121ee32d43d95fd2334f490d37ac998a24e	12527744	/Volumes/music/James Brown/Messing With The Blues (disc 2)/12 Like It Is, Like Was (The Blues, continued).mp3
ad79ee0cfd3404694a7528f77f2c0ee1975371e4fd5c51cede575a14dd527c30	3510859	/Volumes/music/James Brown/James Brown-Messing with the blues-Cd 1/03 - Caldonia ( Version 1 ) .mp3
ad79ee0cfd3404694a7528f77f2c0ee1975371e4fd5c51cede575a14dd527c30	3510859	/Volumes/music/James Brown/Messing With The Blues/03 Caldonia [#].mp3
cd71cc34fc11bf4faa4fb4927d5000e94bcb8550209275764d75fcf0f32941fc	3024140	/Volumes/music/James Brown/James Brown-Make It Funky-The Big Payback-1971-1975-Cd 2/10 - I Feel Good.m4a
cd71cc34fc11bf4faa4fb4927d5000e94bcb8550209275764d75fcf0f32941fc	3024140	/Volumes/music/James Brown/Make It Funky - The Big Payback 1971-1975 (Disc 2)/2-10 I Feel Good.m4a
861f31c3608849dc6a7b9443a8b606a92b1a31d993114abe9a642262fdba69b4	9185233	/Volumes/music/James Brown/At Studio 54 (Remastered)/02 Get Up Offa That Thing.mp3
861f31c3608849dc6a7b9443a8b606a92b1a31d993114abe9a642262fdba69b4	9185233	/Volumes/music/James Brown/James Brown-At Studio 54-Remastered-2006/02-get_up_offa_that_thing-[www.pctrecords.com].mp3
caae8760a465fe42761c33d6ba4796b96c7e0046a596a2e0e0a3c712429a66df	4029254	/Volumes/music/Donny Osmond 18 LP-CD 1970s-2000s Discography/Donny Osmond - Donny Osmond '89 (UK) - 11 - My Secret Touch.mp3
caae8760a465fe42761c33d6ba4796b96c7e0046a596a2e0e0a3c712429a66df	4029254	/Volumes/music/Donny Osmond 18 LP-CD 1970s-2000s Discography/Donny Osmond - Donny Osmond '89 - 06 - My Secret Touch.mp3
5509e0739ba5e61e4d0b268f83d2a6dec5f516e020fe92d0d5522c1b187fdbb1	3961547	/Volumes/music/James Brown/James Brown-Zaire soul-2000/James Brown - Zaire Soul -18 - Say It Loud..mp3
5509e0739ba5e61e4d0b268f83d2a6dec5f516e020fe92d0d5522c1b187fdbb1	3961547	/Volumes/music/James Brown/Live Zaire 1974/Say It Loud.mp3
a053b115bd4bb142da1958b14e6e93421fa7fdf701c6923517fd9ed943d5dbbc	4007081	/Volumes/music/Dead Kennedys/Give_Me_Convenience_Or_Give_Me_Death/Dead_Kennedys_-_Give_Me_Convenience_Or_Give_Me_Death_-_09_-_I_Fought_The_Law.mp3
a053b115bd4bb142da1958b14e6e93421fa7fdf701c6923517fd9ed943d5dbbc	4007081	/Volumes/music/Dead Kennedys/Live_In_Los_Angeles/Dead_Kennedys_-_Live_In_Los_Angeles_-_09_-_I_Fought_The_Law.mp3
3d81fd376b90034319f23a22c6678f64e0b8d065c698ae78dbeff90203026066	6586368	/Volumes/music/1967-The Moody Blues - Days of Future Passed-1967/04 - Lunch Break-Peak Hour.mp3
3d81fd376b90034319f23a22c6678f64e0b8d065c698ae78dbeff90203026066	6586368	/Volumes/music/The Moody Blues-1967-1993/1967-The Moody Blues - Days of Future Passed-1967/04 - Lunch Break-Peak Hour.mp3
624b89ac8edf531c70036a4dacfe4f15de7be8b2b1f23a6f7e62f85408aa7ebc	63190983	/Volumes/music/Miles Davis/Miles Davis   Live In Munich/Track 06.flac
624b89ac8edf531c70036a4dacfe4f15de7be8b2b1f23a6f7e62f85408aa7ebc	63190983	/Volumes/music/Miles Davis/Miles Davis   Munich 1988/Track 06.flac
b27cd03e824b1008051dfd69db555c18468519730e63171d4a48d8c4c0fccbcb	4113770	/Volumes/music/James Brown/James Brown-Messing with the blues-Cd 1/17 - Kansas City ( '67 Alternate ) .mp3
b27cd03e824b1008051dfd69db555c18468519730e63171d4a48d8c4c0fccbcb	4113770	/Volumes/music/James Brown/Messing With The Blues/17 Kansas City [#].mp3
4f497cb5e60672bcf202393c2e09d4503973f51248cc499a0c8b7a5d647581a3	6500295	/Volumes/music/James Brown/At Studio 54 (Remastered)/05 Try Me.mp3
4f497cb5e60672bcf202393c2e09d4503973f51248cc499a0c8b7a5d647581a3	6500295	/Volumes/music/James Brown/James Brown-At Studio 54-Remastered-2006/05-try_me-[www.pctrecords.com].mp3
7e983926c7af1c3db8c50e166f956cc5500bef93d8285ab019f55433d9eee2a9	4109732	/Volumes/music/James Brown/At Studio 54 (Remastered)/11 Please, Please, Please.mp3
7e983926c7af1c3db8c50e166f956cc5500bef93d8285ab019f55433d9eee2a9	4109732	/Volumes/music/James Brown/James Brown-At Studio 54-Remastered-2006/11-please_please_please-[www.pctrecords.com].mp3
df5fc5f2d805d5eb089f82e7290970c9043f09d5c81a11b6b6da58462901f314	8929946	/Volumes/music/James Brown/James Brown-20 All-Time Greatest Hits!-1991/02 - Get up (i feel like being a) sex machine, pt. 1.mp3
df5fc5f2d805d5eb089f82e7290970c9043f09d5c81a11b6b6da58462901f314	8929946	/Volumes/music/James Brown/The Very Best of James Brown/10 Get up (I feel like being) a sex machine.mp3
11ba658c484c80d0acbe663a1832327f59aa0e5e856b805811c5c02aad20a930	5484205	/Volumes/music/James Brown/James Brown-Zaire soul-2000/James Brown - Zaire Soul -08 - Cold Sweat-I Can't Stand It..mp3
11ba658c484c80d0acbe663a1832327f59aa0e5e856b805811c5c02aad20a930	5484205	/Volumes/music/James Brown/Live Zaire 1974/Cold Sweat - I Can't Stand It.mp3
a9977a412beaab414f7d90b66441d13fa58eb86d315a1966f82536575f4b10e2	162666	/Volumes/music/KittymanChorus.m4a
a9977a412beaab414f7d90b66441d13fa58eb86d315a1966f82536575f4b10e2	162666	/Volumes/music/RANDOM/KittymanChorus.m4a
4b6b79de05fa133ec4e1cdc7f6765038a15ca1d3422c46a990c8a51b63bd016b	17646102	/Volumes/music/James Brown/James Brown-Make It Funky-The Big Payback-1971-1975-Cd 2/05 - Papa Don't Take No Mess.mp3
4b6b79de05fa133ec4e1cdc7f6765038a15ca1d3422c46a990c8a51b63bd016b	17646102	/Volumes/music/James Brown/Make It Funky - The Big Payback-1971-1975 (Disc 2)/05 Papa Don't Take No Mess.mp3
10102dfea1cc9ef9e5f963afe3fd11947b3e15353871c150b0473868f9434501	10130356	/Volumes/music/James Brown/At Studio 54 (Remastered)/04 Sex Machine.mp3
10102dfea1cc9ef9e5f963afe3fd11947b3e15353871c150b0473868f9434501	10130356	/Volumes/music/James Brown/James Brown-At Studio 54-Remastered-2006/04-sex_machine-[www.pctrecords.com].mp3
ffc27729d7d6a38e4bb23094d186e93e1762e301113251f1079e0a21ad192d79	2705247	/Volumes/music/James Brown/James Brown-Messing with the blues-Cd 1/16 - Have Mercy Baby .mp3
ffc27729d7d6a38e4bb23094d186e93e1762e301113251f1079e0a21ad192d79	2705247	/Volumes/music/James Brown/Messing With The Blues/16 Have Mercy Baby.mp3
